;MN;HD;HR;HIP;Gl;Name;OtherDesignations;ProperName;Bayer;Flamsteed;Constellation;RAJ2000;DecJ2000;pmRA;pmDec;RadVel;Distance;Vmag;Vmag_min;Vmag_max;B-V;SpType;Luminosity;XJ2000;YJ2000;ZJ2000;VXJ2000;VYJ2000;VZJ2000;Primary;MultipleID;IsMultiple;IsVariable
0;1;0;0;0;;Sol;MN 1/Sol;Sol;;;;0,0;0,0;0,0;0,0;0,0;0,0;-26,7;;;0,656;G2V;1,0;5e-06;0,0;0,0;0,0;0,0;0,0;0;;0;0
115598;115599;0;0;70890;Gl 551;Proxima Centauri;Gl 551/HIP 70890/HYG 70665/MN 115599/Proxima Centauri;Proxima Centauri;;;Cen;14,495985;-62,679485;-3775,64;768,16;-16,0;1,2959;11,01;11,079;10,939;1,807;M5Ve;5,77032135333e-05;-0,472264;-0,361451;-1,151219;1,675e-05;2,079e-05;-1,186e-05;70666;;0;1
4;5;128620;5459;71683;Gl 559A;Rigil Kentaurus;Alp1Cen/Gl 559A/HD 128620/HIP 71683/HR 5459/HYG 71455/MN 5/Rigil Kentaurus/α1 Cen;Rigil Kentaurus;α1 Cen;;Cen;14,660765;-60,833976;-3678,19;481,84;-26,2;1,3248;-0,01;0,113;-0,087;0,71;G2V;1,543121065657792;-0,495203;-0,414084;-1,156625;2,491e-05;2,476e-05;-7,22e-06;71456;Gl 559;1;1
22;23;128621;5460;71681;Gl 559B;Toliman;Alp2Cen/Gl 559B/HD 128621/HIP 71681/HR 5460/HYG 71452/MN 23/Toliman/α2 Cen;Toliman;α2 Cen;;Cen;14,660346;-60,8383;-3678,19;481,84;-26,2;1,3248;1,35;;;0,9;K1V;0,4409608164506375;-0,495181;-0,413973;-1,156674;2,491e-05;2,476e-05;-7,22e-06;71456;Gl 559;1;0
99877;99878;0;0;87937;Gl 699;Barnard's Star;Barnard's Star/Gl 699/HIP 87937/HYG 87664/MN 99878;Barnard's Star;;;Oph;17,963472;4,693388;-797,84;9999,99;-111,0;1,8238;9,54;9,59;9,49;1,57;sdM4;0,0004425883723626;-0,017373;-1,816613;0,149123;7,888e-05;0,0001204;-5,91e-06;87665;;0;1
118974;118975;0;0;0;Gl 406;Wolf 359;Gl 406/HYG 118715/MN 118975/Wolf 359;Wolf 359;;;Leo;10,941484;7,01532;-3822,95;-2716,83;13,0;2,3906;13,45;;;2,0;M6;2,0758692705e-05;-2,282811;0,649334;0,292057;-2,961e-05;4,728e-05;-4,33e-06;118720;;0;0
25435;25436;95735;0;54035;Gl 411;Lalande 21185;Gl 411/HD 95735/HIP 54035/HYG 53879/Lalande 21185/MN 25436;Lalande 21185;;;UMa;11,055632;35,969877;-580,2;-4767,09;-84,3;2,5469;7,49;;;1,502;M2V;0,0057016427228074;-1,998;0,504305;1,495504;-9,828e-05;-1,66e-06;3,587e-05;53879;;0;0
118579;118580;0;0;0;Gl 65B;Gl 65B;Gl 65B/HYG 118077/MN 118580;;;;Cet;1,650199;-17,949782;3312,95;560,34;32,0;2,6267;12,7;;;0,0;dM5,5e;4,99804313578e-05;2,270631;1,047031;-0,81001;-3,3e-06;5,226e-05;1,265e-05;118079;Gl  65;1;0
118497;118498;0;0;0;Gl 65A;Gl 65A;Gl 65A/HYG 118076/MN 118498;;;;Cet;1,650199;-17,949782;3312,95;560,34;29,0;2,6267;12,57;;;1,85;dM5,5e;5,63378150851e-05;2,270499;1,04697;-0,809963;-2,36e-06;5,104e-05;1e-05;118079;Gl  65;1;0
58930;58931;0;0;0;Gl 244B;Gl 244B;Gl 244B/HYG 118436/MN 58931;;;;CMa;6,752559;-16,71524;-543,2;-1203,05;0,0;2,6371;8,44;;;-0,03;DA2;0,0025491770505091;-0,494379;2,476814;-0,75847;-1,473e-05;-2,97e-06;7,68e-06;32263;Gl 244;1;0
1;2;48915;2491;32349;Gl 244A;Sirius;9 CMa/9Alp CMa/Gl 244A/HD 48915/HIP 32349/HR 2491/HYG 32263/MN 2/Sirius/α CMa;Sirius;α CMa;9 CMa;CMa;6,752481;-16,716116;-546,01;-1223,08;-9,4;2,6371;-1,44;-1,333;-1,523;0,009;A0m,,,;22,82443312173504;-0,494323;2,476731;-0,758485;-1,221e-05;-1,207e-05;9,53e-06;32263;Gl 244;1;1
111853;111854;0;0;92403;Gl 729;Ross 154;Gl 729/HIP 92403/HYG 92114/MN 111854/Ross 154;Ross 154;;;Sgr;18,830369;-23,836232;637,55;-192,47;-12,1;2,9698;10,37;10,408;10,338;1,51;M3,5Ve;0,0005465123745199;0,585883;-2,652454;-1,200123;2,47e-06;1,413e-05;6,28e-06;92115;;0;1
118280;118281;0;0;0;Gl 905;Ross 248;Gl 905/HYG 119580/MN 118281/Ross 248;Ross 248;;;And;23,698379;44,174924;84,26;-1607,79;-77,7;3,1686;12,29;;;1,9;dM6  e;0,0001060718149635;2,262649;-0,179022;2,205274;-7,31e-05;4,43e-06;-3,953e-05;119585;;0;0
372;373;22049;1084;16537;Gl 144;Ran;18 Eri/18Eps Eri/Gl 144/HD 22049/HIP 16537/HR 1084/HYG 16496/MN 373/Ran/ε Eri;Ran;ε Eri;18 Eri;Eri;3,548848;-9,458262;-976,44;17,97;16,9;3,2161;3,72;3,735;3,715;0,881;K2V;0,2929543829769431;1,89897;2,541426;-0,528523;-2,56e-06;4,58e-06;2,243e-05;16496;;0;1
22239;22240;217987;0;114046;Gl 887;Lacaille 9352;Gl 887/HD 217987/HIP 114046/HYG 113686/Lacaille 9352/MN 22240;Lacaille 9352;;;PsA;23,097531;-35,853073;6767,26;1326,66;9,5;3,2759;7,35;;;1,483;M2/M3V;0,0107349493580523;2,581532;-0,621353;-1,918773;1,138e-05;9,974e-05;4,484e-05;113687;;0;0
115964;115965;0;0;57548;Gl 447;Ross 128;Gl 447/HIP 57548/HYG 57374/MN 115965/Ross 128;Ross 128;;;Vir;11,795666;0,804563;605,62;-1219,23;-31,1;3,3553;11,12;11,171;11,041;1,746;M4,5V;0,0003496230040027;-3,349892;0,179372;0,047111;-2,028e-05;-1,152e-05;3,095e-05;57375;;0;1
118553;118554;0;0;0;Gl 866A;EZ Aqr;EZ Aqr/Gl 866A/HYG 119513/MN 118554;EZ Aqr;;;Aqr;22,642562;-15,302542;2361,37;2233,03;-60,0;3,3979;12,66;;;1,98;M5  e;8,67760744991e-05;3,069893;-1,139264;-0,895949;5,17e-05;5,369e-05;-3,28e-05;119518;Gl 866;1;0
103261;103262;173740;0;91772;Gl 725B;Struve 2398 B;Gl 725B/HD 173740/HIP 91772/HYG 91486/MN 103262/Struve 2398 B;Struve 2398 B;;;Dra;18,713249;59,626847;-1393,2;1845,73;1,2;3,4545;9,7;;;1,561;K5;0,0013702505971242;0,324167;-1,716358;2,980381;1,669e-05;2,126e-05;-2,776e-05;91484;Gl 725;1;0
2071;2072;201091;8085;104214;Gl 820A;61 Cyg;61 Cyg/Gl 820A/HD 201091/HIP 104214/HR 8085/HYG 103878/MN 2072;;;61 Cyg;Cyg;21,114794;38,749415;4155,1;3258,9;-64,8;3,4865;5,2;5,682;5,002;1,069;K5V;0,0880643228418064;1,979356;-1,863636;2,181892;1,49e-06;0,0001102;-1,456e-05;103879;Gl 820;1;1
114094;114095;0;0;0;Gl 280B;Gl 280B;Gl 280B/HYG 118488/MN 114095;;;;CMi;7,655006;5,226824;-702,34;-1021,92;0,0;3,4974;10,7;;;0,0;DA;0,0005592422830409;-1,462274;3,161021;0,31861;-1,725e-05;6,44e-06;1,014e-05;37173;Gl 280;1;0
5344;5345;201092;8086;104217;Gl 820B;61 Cyg;61 Cyg/Gl 820B/HD 201092/HIP 104217/HR 8086/HYG 103882/MN 5345;;;61 Cyg;Cyg;21,115163;38,742055;4107,4;3143,72;-64,3;3,498;6,05;;;1,309;K7V;0,0405135220229263;1,986273;-1,869789;2,188742;4,4e-07;0,00010874;-1,387e-05;103879;Gl 820;1;0
8;9;61421;2943;37279;Gl 280A;Procyon;10 CMi/10Alp CMi/Gl 280A/HD 61421/HIP 37279/HR 2943/HYG 37173/MN 9/Procyon/α CMi;Procyon;α CMi;10 CMi;CMi;7,655033;5,224993;-716,57;-1034,58;-4,0;3,5142;0,4;;;0,432;F5IV-V;7,4404636619191935;-1,469312;3,17617;0,320024;-1,792e-05;2,89e-06;1,212e-05;37173;Gl 280;1;0
115760;115761;0;0;0;Gl 15B;Gl 15B;Gl 15B/HYG 117976/MN 115761;;;;And;0,30516;44,023502;2880,25;415,05;11,3;3,568;11,06;;;1,79;M6 Ve;0,000417637992951;2,557764;0,20548;2,479994;1,319e-05;4,993e-05;-6,3e-07;1472;Gl  15;1;0
80932;80933;173739;0;91768;Gl 725A;Struve 2398 A;Gl 725A/HD 173739/HIP 91768/HYG 91483/MN 80933/Struve 2398 A;Struve 2398 A;;;Dra;18,713179;59,630396;-1326,88;1802,12;-0,8;3,5691;8,94;9,149;8,809;1,504;K5;0,0029457779023394;0,334856;-1,773105;3,079349;1,506e-05;2,258e-05;-2,763e-05;91484;Gl 725;1;1
44532;44533;1326;0;1475;Gl 15A;Groombridge 34;Gl 15A/Groombridge 34/HD 1326/HIP 1475/HYG 1472/MN 44533;Groombridge 34;;;And;0,306174;44,022954;2888,92;410,58;12,0;3,5873;8,09;8,125;8,065;1,56;M1V;0,0065102849843486;2,571275;0,20667;2,493057;1,366e-05;5,039e-05;-1,7e-07;1472;Gl  15;1;1
1131;1132;209100;8387;108870;Gl 845;ε Ind;Eps Ind/Gl 845/HD 209100/HIP 108870/HR 8387/HYG 108525/MN 1132/ε Ind;;ε Ind;;Ind;22,055486;-56,785977;3959,97;-2538,84;-40,4;3,6224;4,69;;;1,056;K5V;0,1520547529732495;1,732589;-0,966715;-3,030307;1,014e-05;8,993e-05;-1,843e-05;108526;;0;0
119392;119393;0;0;0;GJ 1111;GJ 1111;GJ 1111/HYG 118536/MN 119393;;;;Cnc;8,497244;26,778532;-1141,11;-601,64;-5,0;3,6258;14,81;;;2,06;M6,5;1,36395486751e-05;-1,968452;2,569351;1,633464;-1,174e-05;1,236e-05;1,58e-05;118541;;0;0
283;284;10700;509;8102;Gl 71;τ Cet;52 Cet/52Tau Cet/Gl 71/HD 10700/HIP 8102/HR 509/HYG 8087/MN 284/τ Cet;;τ Cet;52 Cet;Cet;1,734479;-15,93748;-1721,82;854,07;-17,0;3,6502;3,49;;;0,727;G8V;0,4664445252037795;3,154083;1,539508;-1,00226;1,931e-05;-3,289e-05;2,07e-06;8087;;0;0
118051;118052;0;0;5643;Gl 54,1;HIP 5643;Gl 54,1/HIP 5643/HYG 5632/MN 118052;;;;Cet;1,208502;-16,998967;1210,09;646,95;28,0;3,6899;12,1;12,201;12,001;1,85;M5,5Ve;0,0001713957307508;3,353772;1,097975;-1,078832;2,69e-06;3,014e-05;2,251e-05;5632;;0;1
117682;117683;0;0;82724;;HIP 82724;HIP 82724/HYG 82471/MN 117683;;;;Ara;16,908863;-62,399734;294,47;205,48;0,0;3,6964;11,85;;;1,729;Mp;0,000216570849471;-0,482554;-1,64315;-3,275755;1,71e-06;-4,62e-06;4,14e-06;82472;;0;0
105619;105620;0;0;36208;Gl 273;Luyten's Star;Gl 273/HIP 36208/HYG 36107/Luyten's Star/MN 105620;Luyten's Star;;;CMi;7,456805;5,225785;571,27;-3694,25;18,2;3,8026;9,84;;;1,573;M5;0,0014588142602753;-1,409549;3,514856;0,346358;-6,612e-05;1,905e-05;-1,899e-05;36107;;0;0
77176;77177;33793;0;24186;Gl 191;Kapteyn's Star;Gl 191/HD 33793/HIP 24186/HYG 24129/Kapteyn's Star/MN 77177;Kapteyn's Star;;;Pic;5,194169;-45,018417;6506,05;-5731,39;245,5;3,9114;8,86;9,148;8,828;1,543;M0V;0,0038089037649813;0,578997;2,705174;-2,76822;-0,00025439;0,0001243;-9,951e-05;24129;;0;1
11068;11069;202560;0;105090;Gl 825;Lacaille 8760;Gl 825/HD 202560/HIP 105090/HYG 104750/Lacaille 8760/MN 11069;Lacaille 8760;;;Mic;21,287725;-38,867362;-3259,0;-1146,99;28,2;3,9462;6,69;6,707;6,667;1,397;M1/M2V;0,0286022369395428;2,330004;-2,003156;-2,476477;-3,518e-05;-5,295e-05;-3,405e-05;104751;;0;1
100984;100985;239960;0;110893;Gl 860A;Kruger 60;Gl 860A/HD 239960/HIP 110893/HYG 110546/Kruger 60/MN 100985;Kruger 60;;;Cep;22,466642;57,695875;-870,23;-471,1;-33,3;4,001;9,59;9,628;9,548;1,613;M2V;0,0020342297432117;1,968033;-0,83547;3,381486;-3,367e-05;-1,144e-05;-1,624e-05;110547;Gl 860;1;1
116503;116504;0;0;0;Gl 860B;Gl 860B;Gl 860B/HYG 119500/MN 116504;;;;Cep;22,467267;57,696623;-854,68;-391,3;-31,7;4,0077;11,3;;;1,8;M6 V;0,0004222795013061;1,97065;-0,836546;3,386059;-3,147e-05;-1,103e-05;-1,651e-05;110547;Gl 860;1;0
119347;119348;0;0;0;Gl 234B;Gl 234B;Gl 234B/HYG 118423/MN 119348;;;;Mon;6,489939;-2,812227;702,48;-697,59;0,0;4,1171;14,6;;;0,0;;2,13402744285e-05;-0,526003;4,078362;-0,201997;-1,391e-05;-2,47e-06;-1,382e-05;30847;Gl 234;1;0
115960;115961;0;0;30920;Gl 234A;Ross 614;Gl 234A/HIP 30920/HYG 30847/MN 115961/Ross 614;Ross 614;;;Mon;6,489833;-2,813979;694,73;-618,62;16,7;4,1268;11,12;11,176;11,066;1,69;M4,5Ve;0,0005286886658509;-0,527146;4,088126;-0,202607;-1,32e-05;1,454e-05;-1,589e-05;30847;Gl 234;1;1
117436;117437;0;0;82725;;HIP 82725;HIP 82725/HYG 82472/MN 117437;;;;Ara;16,908971;-62,403319;254,79;173,56;0,0;4,1465;11,72;12,005;11,545;0,0;;0,000307043565073;-0,541199;-1,843027;-3,674755;1,62e-06;-4,41e-06;4,04e-06;82473;;0;1
118334;118335;0;0;3829;Gl 35;Van Maanen's Star;Gl 35/HIP 3829/HYG 3820/MN 118335/Van Maanen's Star;Van Maanen's Star;;;Psc;0,819416;5,38861;1233,05;-2710,56;54,0;4,2626;12,37;12,621;12,091;0,554;DG;0,0001783199772233;4,146957;0,903519;0,400348;-5,057e-05;3,772e-05;5,345e-05;3820;;0;1
118774;118775;0;0;0;GJ 1061;GJ 1061;GJ 1061/HYG 118232/MN 118775;;;;Hor;3,599704;-44,511897;727,33;-399,86;-20,0;4,2918;13,03;;;1,9;M4,5;9,8446436398e-05;1,798507;2,475398;-3,00808;8,41e-06;-7,62e-06;-2,425e-05;118236;;0;0
109184;109185;0;0;80824;Gl 628;Wolf 1061;Gl 628/HIP 80824/HYG 80578/MN 109185/Wolf 1061;Wolf 1061;;;Oph;16,505017;-12,662594;-93,61;-1184,9;-13,0;4,2922;10,1;10,143;10,063;1,604;M4;0,0014628506869998;-1,597477;-3,871023;-0,940865;-2,114e-05;1,773e-05;5,21e-06;80579;;0;1
118777;118778;0;0;0;Gl 473A;Gl 473A;Gl 473A/HYG 118825/MN 118778;;;;Vir;12,554778;9,020714;-1794,92;233,12;0,0;4,3066;13,04;;;1,83;dM5,5eJ;9,8265258283e-05;-4,208555;-0,615564;0,675238;4,81e-06;3,719e-05;-4,68e-06;118830;Gl 473;1;0
118893;118894;0;0;0;Gl 473B;Gl 473B;Gl 473B/HYG 118826/MN 118894;;;;Vir;12,554778;9,020714;-1794,92;233,12;0,0;4,3066;13,3;;;0,0;M7;7,73392578049e-05;-4,208555;-0,615564;0,675238;4,81e-06;3,719e-05;-4,68e-06;118830;Gl 473;1;0
63991;63992;225213;0;439;Gl 1;HD 225213;Gl 1/HD 225213/HIP 439/HYG 442/MN 63992;;;;Scl;0,089883;-37,357364;5634,07;-2337,94;22,9;4,3399;8,56;;;1,462;M2V;0,0061773185859152;3,448844;0,081384;-2,633508;-5,331e-05;0,00011824;-1,398e-05;442;;0;0
115063;115064;0;0;0;GJ 3522;GJ 3522;GJ 3522/HYG 118578/MN 115064;;;;Cnc;8,982236;8,475397;322,61;-313,72;0,0;4,4643;10,89;;;1,67;k;0,0007648917910071;-3,107711;3,136747;0,657969;-6,72e-06;-4,2e-06;-5,66e-06;118583;;0;0
118260;118261;0;0;0;Gl 83,1;Gl 83,1;Gl 83,1/HYG 118097/MN 118261;;;;Ari;2,003563;13,05304;1113,71;-1768,54;-31,0;4,4683;12,28;;;1,8;dM8  e;0,0002130100037411;3,76629;2,179192;1,008821;-4,449e-05;9,76e-06;-3,131e-05;118100;;0;0
119152;119153;0;0;0;GJ 3618;GJ 3618;GJ 3618/HYG 118699/MN 119153;;;;Car;10,742414;-61,193586;-340,24;1614,54;0,0;4,4883;13,92;;;1,82;m;4,7424198526e-05;-2,046475;0,699423;-3,932885;1,692e-05;1,696e-05;-2,674e-05;118704;;0;0
119503;119504;0;0;0;GJ 3622;GJ 3622;GJ 3622/HYG 118702/MN 119504;;;;Sex;10,803471;-11,336727;601,06;-1525,88;-7,0;4,5249;15,6;;;2,1;M6,5;1,02612436519e-05;-4,220385;1,367034;-0,889411;-3,142e-05;-1,673e-05;8,86e-06;118707;;0;0
89025;89026;0;0;86162;Gl 687;HIP 86162;Gl 687/HIP 86162/HYG 85898/MN 89026;;;;Dra;17,607283;68,339141;-320,47;-1269,55;-23,2;4,5282;9,15;;;1,505;M3,5Vvar;0,003908408957924;-0,171572;-1,662506;4,208248;-3,234e-05;-1,633e-05;-8,76e-06;85899;;0;0
96055;96056;0;0;85523;Gl 674;HIP 85523;Gl 674/HIP 85523/HYG 85263/MN 96056;;;;Ara;17,47772;-46,89519;573,32;-879,84;-10,2;4,5405;9,38;;;1,553;K5;0,0031798014276915;-0,422874;-3,073668;-3,314975;-5,62e-06;1,935e-05;1,54e-05;85264;;0;0
116973;116974;0;0;57367;Gl 440;HIP 57367;Gl 440/HIP 57367/HYG 57193/MN 116974;;;;Mus;11,761338;-64,841517;2665,17;-346,83;0,0;4,6081;11,5;11,575;11,405;0,196;DC:;0,0004647292416762;-1,955207;0,122023;-4,170954;-3,29e-06;-5,986e-05;3,27e-06;57194;;0;1
109881;109882;0;0;113020;Gl 876;HIP 113020;Gl 876/HIP 113020/HYG 112659/MN 109882;;;;Aqr;22,887977;-14,263701;960,33;-675,64;-1,5;4,6887;10,16;10,202;10,102;1,597;M5;0,001651961798229;4,352933;-1,304309;-1,155222;-1,451e-05;2,242e-05;1,22e-06;112660;;0;1
119097;119098;0;0;0;GJ 1002;GJ 1002;GJ 1002/HYG 117957/MN 119098;;;;Cet;0,112155;-7,539302;-816,71;-1869,38;-42,0;4,6992;13,75;;;1,98;M5-5,5;6,08135001279e-05;4,65444;0,136696;-0,616283;-3,66e-05;-2,002e-05;-4,758e-05;117960;;0;0
119187;119188;0;0;0;GJ 1245B;GJ 1245B;GJ 1245B/HYG 119308/MN 119188;;;;Cyg;19,8985;44,414552;438,31;-583,77;0,0;4,717;14,01;;;1,98;m;4,82169793901e-05;1,606668;-2,961587;3,301168;-9,53e-06;-3,44e-06;1,326e-05;119312;GJ 1245;1;0
118953;118954;0;0;0;GJ 1245A;GJ 1245A;GJ 1245A/HYG 119307/MN 118954;;;;Cyg;19,898222;44,414534;438,31;-583,77;0,0;4,717;13,41;;;1,9;M5,5 V e;8,37915067438e-05;1,606452;-2,961705;3,301167;-9,53e-06;-3,44e-06;1,326e-05;119312;GJ 1245;1;0
119302;119303;0;0;0;Gl 412B;Gl 412B;Gl 412B/HYG 118722/MN 119303;;;;UMa;11,093507;43,521487;-4432,65;934,1;0,0;4,8323;14,4;;;2,09;M6  e;3,53508613362e-05;-3,405436;0,825166;3,32765;1,587e-05;9,743e-05;3,895e-05;54052;Gl 412;1;0
75575;75576;0;0;54211;Gl 412A;HIP 54211;Gl 412A/HIP 54211/HYG 54052/MN 75576;;;;UMa;11,091542;43,526777;-4410,79;943,32;68,8;4,848;8,82;8,858;8,788;1,491;M2Vvar;0,0060701580634104;-3,416483;0,828486;3,33921;6,453e-05;0,00010916;-1,034e-05;54052;Gl 412;1;1
9933;9934;88230;0;49908;Gl 380;HD 88230;Gl 380/HD 88230/HIP 49908/HYG 49767/MN 9934;;;;UMa;10,189602;49,454237;-1361,55;-505,0;-25,4;4,8731;6,6;;;1,326;K8V;0,0473805393338825;-2,818415;1,445842;3,702832;-2,749e-05;2,505e-05;2,164e-05;49767;;0;0
96520;96521;0;0;0;Gl 388;Gl 388;Gl 388/HYG 118671/MN 96521;;;;Leo;10,326843;19,870262;-497,26;-52,26;12,3;4,9044;9,4;;;1,54;M4,5Ve;0,003640826637894;-4,17747;1,956673;1,667178;3,11e-06;1,59e-05;-6,08e-06;118676;;0;0
68731;68732;204961;0;106440;Gl 832;HD 204961;Gl 832/HD 204961/HIP 106440/HYG 106097/MN 68732;;;;Gru;21,559441;-49,009006;-46,18;-818,01;4,1;4,9537;8,66;;;1,521;M1V;0,0073451386815711;2,608354;-1,937731;-3,739143;-1,605e-05;6,31e-06;-1,036e-05;106098;;0;0
841;842;26965;1325;19849;Gl 166A;Keid;40 Eri/40Omi2Eri/Gl 166A/HD 26965/HIP 19849/HR 1325/HYG 19799/Keid/MN 842/ο2 Eri;Keid;ο2 Eri;40 Eri;Eri;4,254537;-7,652871;-2239,33;-3419,86;-42,7;4,9845;4,43;;;0,82;K1V;0,3657631930094519;2,179524;4,432894;-0,66374;-7,609e-05;-7,258e-05;2,462e-05;19799;Gl 166;1;0
116947;116948;0;0;1242;GJ 1005A;HIP 1242;GJ 1005A/HIP 1242/HYG 1240/MN 116948;;;;Cet;0,257803;-16,133807;728,18;-617,48;-29,0;4,9868;11,49;11,558;11,378;1,75;M:;0,0005490349610252;4,779241;0,32306;-1,385667;-6,1e-06;1,536e-05;-3,375e-05;1240;GJ 1005;1;1
99306;99307;26976;0;0;Gl 166B;HD 26976;Gl 166B/HD 26976/HYG 118277/MN 99307;;;;Eri;4,256188;-7,657504;-2180,82;-3436,41;-21,0;5,0444;9,52;;;0,03;DA4;0,0034482599655262;2,203473;4,486451;-0,67203;-8,045e-05;-5,259e-05;3,361e-05;19799;Gl 166;1;0
116111;116112;0;0;0;Gl 166C;Gl 166C;Gl 166C/HYG 118278/MN 116112;;;;Eri;4,256188;-7,657504;-2180,82;-3436,41;-45,9;5,0444;11,17;;;1,67;dM4,5e;0,000754397082198;2,202917;4,485319;-0,671861;-7,708e-05;-7,525e-05;2,249e-05;19799;Gl 166;1;0
115303;115304;0;0;86214;Gl 682;HIP 86214;Gl 682/HIP 86214/HYG 85950/MN 115304;;;;Sco;17,617729;-44,319215;-710,11;-937,99;-60,0;5,0787;10,94;11,004;10,884;1,655;M5;0,000945366045958;-0,363042;-3,615031;-3,547885;2,635e-05;6,148e-05;-1,14e-05;85951;;0;1
541;542;165341;6752;88601;Gl 702A;70 Oph;70 Oph/Gl 702A/HD 165341/HIP 88601/HR 6752/HYG 88326/MN 542;;;70 Oph;Oph;18,090913;2,500099;124,56;-962,66;-6,9;5,0834;4,03;4,05;4,02;0,86;K0V SB;0,5500472528676338;0,120862;-5,077062;0,221741;-2,401e-05;6,09e-06;2,93e-06;88327;Gl 702;1;1
5061;5062;0;0;0;Gl 702B;Gl 702B;Gl 702B/HYG 119193/MN 5062;;;;Oph;18,09099;2,498264;252,27;-1101,48;-10,0;5,086;6,0;;;1,15;K5 Ve;0,0897015608414814;0,121015;-5,079214;0,221672;-2,758e-05;9,17e-06;6e-06;88327;Gl 702;1;0
111184;111185;0;0;112460;Gl 873;HIP 112460;Gl 873/HIP 112460/HYG 112105/MN 111185;;;;Lac;22,780527;44,333991;-704,66;-459,39;-0,5;5,1224;10,29;10,386;10,206;1,54;M4,5Ve;0,0017490410399663;3,478781;-1,15001;3,579733;-8,52e-06;-1,9e-05;1,73e-06;112106;;0;1
12;13;187642;7557;97649;Gl 768;Altair;53 Aql/53Alp Aql/Altair/Gl 768/HD 187642/HIP 97649/HR 7557/HYG 97337/MN 13/α Aql;Altair;α Aql;53 Aql;Aql;19,846388;8,868322;536,82;385,54;-26,1;5,1295;0,76;0,803;0,753;0,221;A7IV-V;11,376272858234303;2,355468;-4,4873;0,790749;5,36e-06;3,087e-05;-1,12e-06;97338;;0;1
119412;119413;0;0;0;GJ 1116B;GJ 1116B;GJ 1116B/HYG 118574/MN 119413;;;;Cnc;8,970901;19,764954;-869,3;-34,91;0,0;5,2274;14,92;;;1,93;m;2,56094351716e-05;-3,451925;3,505014;1,76771;-8,3e-07;1,567e-05;1,548e-05;118578;GJ 1116;1;0
119201;119202;0;0;0;GJ 1116A;GJ 1116A;GJ 1116A/HYG 118573/MN 119202;;;;Cnc;8,970901;19,763287;-869,3;-34,91;-34,0;5,2274;14,06;;;1,84;m;5,65457540688e-05;-3,450811;3,503886;1,766979;-1,259e-05;-7,64e-06;3,845e-05;118578;GJ 1116;1;0
118901;118902;0;0;67593;;HIP 67593;HIP 67593/HYG 67379/MN 118902;;;;Boo;13,85077;23,776677;2281,92;5369,43;0,0;5,3259;13,31;;;0,0;;0,0001171655673911;-4,312826;-2,270248;2,147258;0,00012688;-2,612e-05;7,687e-05;67380;;0;0
114646;114647;0;0;57544;Gl 445;HIP 57544;Gl 445/HIP 57544/HYG 57370/MN 114647;;;;Cam;11,794333;78,69116;743,21;480,4;-112,2;5,3516;10,8;10,866;10,736;1,572;M4;0,0011934383792107;-1,047725;0,056332;5,246711;-0,00011008;-2,112e-05;3,364e-05;57371;;0;1
116551;116552;0;0;0;GJ 3379;GJ 3379;GJ 3379/HYG 118401/MN 116552;;;;Ori;6,000991;2,707087;228,25;-74,16;0,0;5,3677;11,33;;;1,68;M4;0,0007372249081043;-0,001391;5,361709;0,253516;-1,93e-06;9e-08;-5,94e-06;118406;;0;0
59910;59911;119850;0;67155;Gl 526;HD 119850;Gl 526/HD 119850/HIP 67155/HYG 66942/MN 59911;;;;Boo;13,76215;14,89152;1778,46;-1455,52;16,1;5,3911;8,46;;;1,435;M3V;0,0104520144145843;-4,665503;-2,319265;1,385494;-3,253e-05;-5,306e-05;-2,32e-06;66943;;0;0
118396;118397;0;0;0;Gl 169,1B;Gl 169,1B;Gl 169,1B/HYG 118307/MN 118397;;;;Cam;4,518593;58,981451;1371,91;-1944,8;0,0;5,5139;12,44;;;0,31;DC5;0,0002797692637855;1,073743;2,630708;4,725416;-2,677e-05;5,513e-05;-1,708e-05;21036;Gl 169,1;1;0
27479;27480;104901;0;58910;;HD 104901;HD 104901/HIP 58910/HYG 58734/MN 27480;;;;Cru;12,080228;-62,002292;-6,13;0,16;0,0;5,5169;7,57;7,833;7,043;0,626;F0Ib-II;0,024842768936968;-2,589262;-0,054392;-4,871237;0,0;1,6e-07;-1e-08;58735;;0;1
114719;114720;0;0;21088;Gl 169,1A;HIP 21088;Gl 169,1A/HIP 21088/HYG 21036/MN 114720;;;;Cam;4,519668;58,977072;1300,21;-2048,99;17,0;5,5782;10,82;10,877;10,767;1,17;;0,0012729167461935;1,086377;2,661819;4,780431;-1,365e-05;6,555e-05;-1,122e-05;21036;Gl 169,1;1;1
106432;106433;265866;0;33226;;HD 265866;HD 265866/HIP 33226/HYG 33139/MN 106433;;;;Gem;6,913622;33,268175;-729,33;-399,31;26,4;5,5863;9,89;;;1,58;K:,,,;0,0030088462766457;-1,10658;4,538001;3,064541;5,77e-06;3,237e-05;1,243e-05;33139;;0;0
92354;92355;0;0;83609;;HIP 83609;HIP 83609/HYG 83351/MN 92355;;;;Sco;17,089101;-33,767358;136,68;-141,19;0,0;5,6155;9,25;;;0,607;G0;0,0054802453217685;-1,102705;-4,536064;-3,121219;-3,2e-06;1,2e-06;4,12e-06;83352;;0;0
40098;40099;36395;0;25878;Gl 205;HD 36395;Gl 205/HD 36395/HIP 25878/HYG 25813/MN 40099;;;;Ori;5,524277;-3,677229;763,05;-2092,89;8,5;5,6571;7,97;;;1,474;M1V;0,0180800655211;0,701301;5,601801;-0,362827;-5,783e-05;7,56e-06;-2,014e-05;25813;;0;0
118217;118218;0;0;0;Gl 754;Gl 754;Gl 754/HYG 119271/MN 118218;;;;Tel;19,346452;-45,55959;646,35;-2868,07;16,0;5,6915;12,23;;;1,68;M4,5;0,0003617428867642;1,376254;-3,74042;-4,064196;-6,712e-05;4,838e-05;1,21e-06;119276;;0;0
116758;116759;0;0;103039;;HIP 103039;HIP 103039/HYG 102707/MN 116759;;;;Cap;20,87584;-16,974738;-306,7;30,78;0,0;5,7133;11,41;11,471;11,341;1,653;;0,0007755324957586;3,736291;-3,987443;-1,667998;8,2e-07;-5,99e-06;-6,03e-06;102708;;0;1
106643;106644;0;0;0;Gl 644B;Gl 644B;Gl 644B/HYG 119107/MN 106644;;;;Oph;16,924521;-8,3376;-792,63;-874,15;0,0;5,7395;9,9;;;0,0;;0,0031448504654769;-1,5779;-5,45522;-0,83226;-2,407e-05;9,51e-06;-2,021e-05;82565;Gl 644;1;0
119581;119582;0;0;0;Gl 644C;Gl 644C;Gl 644C/HYG 119108/MN 119582;;;;Oph;16,926474;-8,395842;-803,95;-877,36;20,0;5,7395;16,78;;;1,99;M7;5,5667279815e-06;-1,575156;-5,456183;-0,83818;-2,713e-05;-9,82e-06;-2,611e-05;82565;Gl 644;1;0
46911;46912;42581;0;29295;Gl 229;HD 42581;Gl 229/HD 42581/HIP 29295/HYG 29222/MN 46912;;;;Lep;6,176284;-21,864643;-137,01;-714,06;5,2;5,7534;8,15;;;1,487;M1/M2V;0,0158489319246111;-0,246337;5,333894;-2,142671;-2,046e-05;-2,3e-06;3,93e-06;29222;;0;0
1107;1108;185144;7462;96100;Gl 764;Alsafi;61 Dra/61Sig Dra/Alsafi/Gl 764/HD 185144/HIP 96100/HR 7462/HYG 95798/MN 1108/σ Dra;Alsafi;σ Dra;61 Dra;Dra;19,539149;69,661175;598,43;-1738,81;28,2;5,7547;4,67;;;0,786;K0V;0,3908408957924018;0,784452;-1,840016;5,396152;1,019e-05;-4,452e-05;3,712e-05;95799;;0;0
108103;108104;0;0;0;Gl 251;Gl 251;Gl 251/HYG 118442/MN 108104;;;;Gem;6,913606;33,270718;-752,58;-395,12;22,9;5,7604;10,01;;;1,57;dM4;0,0028628592708721;-1,141059;4,680085;3,160773;3,63e-06;2,989e-05;1,434e-05;118447;;0;0
29460;29461;79210;0;45343;Gl 338A;HD 79210;Gl 338A/HD 79210/HIP 45343/HYG 45211/MN 29461;;;;UMa;9,239826;52,686625;-1533,58;-562,8;13,7;5,8113;7,64;7,921;7,291;1,41;M0V;0,0258463963576984;-2,642238;2,329858;4,62201;1,53e-06;4,636e-05;1,274e-05;45211;Gl 338;1;1
117102;117103;0;0;26857;Gl 213;HIP 26857;Gl 213/HIP 26857/HYG 26792/MN 117103;;;;Ori;5,702566;12,489337;1999,05;-1570,64;105,6;5,8292;11,56;11,635;11,475;1,675;M5;0,0007033961712162;0,44278;5,674935;1,260815;-1,997e-05;0,00011909;-4,736e-05;26792;;0;1
114383;114384;0;0;86990;Gl 693;HIP 86990;Gl 693/HIP 86990/HYG 86721/MN 114384;;;;Pav;17,776329;-57,319042;-1119,87;-1352,52;-115,0;5,8316;10,75;10,803;10,673;1,66;M5;0,0014845676750522;-0,184376;-3,142875;-4,907535;7,834e-05;9,738e-05;-2,601e-05;86722;;0;1
3690;3691;131977;5568;73184;Gl 570A;HD 131977;Gl 570A/HD 131977/HIP 73184/HR 5568/HYG 72956/MN 3691;;;;Lib;14,957765;-21,415475;1034,18;-1725,6;29,1;5,8404;5,72;5,733;5,683;1,024;K4V;0,1530382532177437;-3,887091;-3,802093;-2,13259;-5,635e-05;-2,784e-05;1,342e-05;72957;Gl 570;1;1
88044;88045;180617;0;94761;Gl 752A;HD 180617;Gl 752A/HD 180617/HIP 94761/HYG 94465/MN 88045;;;;Aql;19,282016;5,168904;-578,86;-1331,7;36,3;5,8699;9,12;9,154;9,084;1,464;M3,5V;0,0067483873087075;1,925584;-5,520142;0,528861;-3,439e-05;-4,356e-05;-2,25e-06;94466;Gl 752;1;1
119601;119602;0;0;0;Gl 752B;Gl 752B;Gl 752B/HYG 119270/MN 119602;;;;Aql;19,28281;5,148625;-572,81;-1342,94;0,0;5,8734;17,52;;;2,2;dM5  e;2,9484923139e-06;1,927832;-5,522905;0,527077;-3,808e-05;-8,63e-06;-1,426e-05;94466;Gl 752;1;0
118057;118058;0;0;0;Gl 300;Gl 300;Gl 300/HYG 118527/MN 118058;;;;Pup;8,211308;-21,551445;30,53;-699,33;0,0;5,8824;12,1;;;1,6;M4;0,0004357124805031;-2,993375;4,579649;-2,16082;-1,855e-05;-6,61e-06;3,28e-06;118532;;0;0
41721;41722;131976;0;73182;Gl 570B;HD 131976;Gl 570B/HD 131976/HIP 73182/HYG 72954/MN 41722;;;;Lib;14,957361;-21,41152;987,05;-1666,81;27,9;5,9252;8,01;;;1,519;K5V;0,019124936418442;-3,944034;-3,856974;-2,163168;-5,499e-05;-2,663e-05;1,332e-05;72957;Gl 570;1;0
94090;94091;0;0;76074;Gl 588;HIP 76074;Gl 588/HIP 76074/HYG 75840/MN 94091;;;;Lup;15,536988;-41,275586;-1177,47;-1028,86;15,4;5,9291;9,31;;;1,524;M0;0,0057809604740571;-2,678394;-3,561312;-3,911408;-3,262e-05;2,647e-05;-2,244e-05;75841;;0;0
750;751;155885;6401;84405;Gl 663A;Guniibuu;36 Oph/Gl 663A/Guniibuu/HD 155885/HIP 84405/HR 6401/HYG 84146/MN 751;Guniibuu;;36 Oph;Oph;17,255836;-26,602829;-473,69;-1143,93;0,9;5,9333;4,33;;;0,855;K2:III:;0,5680675741067719;-1,027046;-5,204798;-2,656955;-2,983e-05;1,628e-05;-1,067e-05;84147;Gl 663;1;0
25798;25799;0;0;0;Gl 34B;Gl 34B;Gl 34B/HYG 118018/MN 25799;;;;Cas;0,817022;57,817365;1097,52;-509,45;10,5;5,9527;7,51;;;1,39;K7 V;0,0305914455948641;3,098396;0,673787;5,03855;1,26e-06;3,48e-05;1,103e-05;3814;Gl  34;1;0
275;276;4614;219;3821;Gl 34A;Achird;24 Cas/24Eta Cas/Achird/Gl 34A/HD 4614/HIP 3821/HR 219/HYG 3814/MN 276/η Cas;Achird;η Cas;24 Cas;Cas;0,81826;57,815187;1087,11;-559,65;8,2;5,9531;3,46;3,507;3,457;0,587;G0V SB;1,2752637064597296;3,098462;0,674227;5,038376;-1,5e-06;3,451e-05;1,105e-05;3814;Gl  34;1;1
116161;116162;0;0;37766;Gl 285;HIP 37766;Gl 285/HIP 37766/HYG 37659/MN 116162;;;;CMi;7,744493;3,552454;-344,87;-450,84;26,8;5,9566;11,19;11,284;11,084;1,6;M4,5Ve;0,0010327614057613;-2,621889;5,336048;0,369099;-1,129e-05;2,967e-05;-3,48e-06;37659;;0;1
